Query,source,Ground Truth,Llama3-8B-Instruct_repsonse,mistral-7B-Instruct-v0.3_response,Gemma2b_It_response,Gemma7b_It_response,,,
What is the production HHI of Rhenium in 2021?,Production CSV ,The production HHI of Rhenium in 2021 is 3025.646653,The production HHI of Rhenium in 2021 is 3025.646653," The production HHI of Rhenium in 2021 was 3025.646653. This value represents the Herfindahl-Hirschman Index (HHI) for Rhenium production in 2021. The HHI is a measure of the concentration of production within an industry, with higher values indicating a more concentrated industry. In the case of Rhenium production in 2021, the HHI suggests that the industry is moderately concentrated, as the value falls within the range of 1,000 to 2,500, which is considered a moderate level of concentration.\n\n             To calculate the HHI, we first need to determine the market share of each producer in the industry. In the provided context, the United States, Germany, Canada, Estonia, France, Japan, Poland, and Russia are identified as producers of secondary Rhenium. However, the context does not provide specific production figures for each country, so we cannot calculate the exact market share for each producer.\n\n             The context does provide the total production of Rhenium in 2021, which was approximately 59 tons. Assuming that the production was evenly distributed among the eight countries mentioned, each country would have a market share of approximately 7.07% (59 tons / 8 countries). However, this is an approximation, as the actual market share may vary depending on the specific production figures for each country.\n\n             If more detailed information about the production figures for each country is available, we can calculate the exact market share for each producer and use that information to calculate the production HHI more accurately. If you have more specific information about Rhenium production, please provide it, and I will be happy to help you calculate the production HHI more accurately.'",The production HHI of Rhenium in 2021 was 3025.646653.,"## RawMatAssist's Response\n\nBased on the provided text, I understand your query is:\n\n**What is the production HHI of Rhenium in 2021?**\n\nHowever, the text does not provide enough information to answer this question accurately. Therefore, I need more details to provide a precise answer. Please provide me with the following information:\n\n* **Specific country:** If you want to know the production HHI for a specific country, please specify the country.\n* **Specific material:** If you want to know the production HHI for a specific material, please specify the material.\n* **Specific year:** If you want to know the production HHI for a specific year, please specify the year.\n\nOnce I have this information, I can provide you with a more accurate answer to your query.",,,
Which countries have production market share for Platinum in 2022?,Production CSV,"Countries with production market share for platinum in 2022 are:                                                                                                                                        countries : market share (%)                                                                                                                                                                                                                   Australia : 0.051580956 %
Canada : 3.094857379 %
China: 1.604740863 %
Colombia: 0.229248695%
Ethiopia : 0.017193652 %
Finland:  0.712390319 %
Russia: 11.46243474 %
Serbia: 0.008596826
South Africa: 71.29691718 %
United States: 1.71936521 %
Zimbabwe: 9.802674186 %","Based on the provided data, the countries with production market share for Platinum in 2022 are:

South Africa - 71.29691718%
United States - 1.71936521%
Canada - 3.094857379%
Zimbabwe - 9.802674186%
Other countries - 2.628571429%
Note that the market share percentages are based on the total production of Platinum in 2022, which is 174.483 units.
"," The countries with production market share for Platinum in 2022 are:\n\n 1. South Africa: 71.29%\n 2. Russia: 11.48%\n 3. United States: 3.09%\n 4. Canada: 3.09%\n 5. Zimbabwe: 9.80%\n\n The Herfindahl-Hirschman Index (HHI) for Platinum production in 2022 is 5326.40.\n\n The table does not specify the PGM reserves for countries other than South Africa, which has the highest reserves at 63,000,000 units.'","The context provides data on the production of Palladium and Platinum in various countries and years. However, the context is not relevant to the question about the production market share of Platinum in South Africa in 2022. Therefore, I cannot answer this question from the provided context.","## RawMatAssist's Response\n\nBased on the provided text, here is the summary of countries with production market share for Platinum in 2022:\n\n**Top countries with production market share for Platinum in 2022:**\n\n1. **South Africa:** 68.57% (120,000 units)\n2. **United States:** 1.72% (3,000 units)\n3. **Canada:** 3.09% (5.4 units)\n4. **Zimbabwe:** 9.80% (17.104 units)\n\n**Other countries with production market share:**\n\n* Russia: 2.82% (20,000 units)\n* Australia: 0.52% (0.09 units)\n* Other countries: 0.62% (4,580 units)\n\nPlease note that this summary includes the information from the text about the production market share for Platinum in 2022 for each country. This information is extracted from the text and presented in a concise form for easier understanding.",,,
What is the reserve base of Aluminum  globally?,mcs2023-aluminum.pdf,Global resources of bauxite are estimated to be between 55 billion and 75 billion tons and are sufficient to meet world demand for metal well into the future.,"According to the provided data, the global reserve base of Aluminum is not explicitly mentioned. However, it is mentioned that global resources of bauxite are estimated to be between 55 to 75 billion tons and are sufficient to meet world demand for metal well into the future."," The reserve base of Aluminum globally is not explicitly mentioned in the provided context. However, the data shows the world total capacity increasing from 66,900 in 2014 to 68,800 in 2015. This suggests that the reserve base of Aluminum is likely to be more than the world total capacity, considering the resources of bauxite are estimated to be between 55 to 75 billion tons and are sufficient to meet world demand for metal well into the future.\n\n             If you need more specific information about the reserve base of Aluminum for a particular country or year, please provide those details.\n\n             Regarding the Herfindahl-Hirschman Index (HHI), it is a measure of the size distribution and concentration of firms in an industry. In the provided context, the HHI for Aluminum production is calculated for each country and the world total. The higher the HHI, the more concentrated the production is in the hands of a few large firms.\n\n             If you need more information about HHI or production market share, please specify the country and year for which you require the data. If no year is mentioned, I will assume it is for the current year 2023.'",The reserve base of Aluminum globally is estimated to be between 55 to 75 billion tons and is sufficient to meet world demand for metal well into the future.,"## RawMatAssist\'s Response\n\nBased on the provided text, the question is ""What is the reserve base of Aluminum globally in 2023?""\n\nHowever, the text does not specify the context sufficiently. Therefore, I need more information to answer this question accurately. Please provide me with the following details:\n\n* **Specific country:** If you want to know the reserve base for a specific country, please specify the country name.\n* **Specific material:** If you want to know the reserve base for a specific material, please specify the material name.\n* **Specific year:** If you want to know the reserve base for a specific year, please specify the year.\n\nOnce I have this information, I will be able to provide you with the answer to your question.",,,
Which countries are the leading producer of Nb in 2023?,Production CSV ," Following Countries are the  leading producer of Nb in 2023.                            Brazil : 75000 tons
Canada 7000 tons
Congo, Kinshasa: 540 tons
Russia: 440 tons
Rwanda: 190 tons
Other Countries: 150 tons","According to the provided information, the leading producers of Niobium (Nb) in 2023 are:

Brazil: with a production of 75,000 tons, accounting for approximately 90% of global production.
Canada: with a production of 7,000 tons, accounting for approximately 8% of global production.
Congo (Kinshasa): with a production of 540 tons, accounting for approximately 0.648% of global production.
Other Countries: with a production of 150 tons, accounting for approximately 0.180% of global production.
Note that the production figures are based on the provided data and may not reflect the actual global production of Niobium."," The leading producers of Nb in 2023 are Brazil and Canada, accounting for approximately 90% and 8% of global production, respectively.'","The leading producer of Nb in 2023 is Brazil, accounting for approximately 90% of global production. Canada comes in second with about 10%. The top 3 producers account for over 99% of global Nb production.","**Summary:**\n\nThe text provided describes the global niobium production and market share in 2023, with a focus on Brazil and Canada as the leading producers.\n\n**Key Points:**\n\n* **Brazil** remains the world's leading producer of niobium, accounting for approximately 90% of global production in 2023.\n* **Canada** is the second-largest producer, with a market share of 8.4%.\n* Total global niobium production in 2023 is estimated to be 8,3320 tons.\n* The Elk Creek project in Nebraska, USA, is the only niobium mine and processing facility in the country.\n* The expansion of the niobium production capacity in Brazil is expected to be completed in 2021.\n\n**Additional Information:**\n\n* HHI (Herfindahl-Hirschman Index) is a measure of market concentration.\n* Production HHI and reserve HHI are global metrics that remain consistent across all countries for a given element and year.\n* The text does not provide information about reserves, therefore I cannot answer questions related to reserves.\n\n**Please note:**\n\nIf you have any further questions or require additional information, please provide me with more details or refine your query.",,,
What are the recycling resources available for Copper in 2023?,mcs2024-copper.pdf,"Recycling: Old (post-consumer) scrap, converted to refined metal, alloys, and other forms provided an estimated
150,000 tons of copper in 2023, and an estimated 700,000 tons of copper was recovered from new (manufacturing) scrap derived from fabricating operations. Of the total copper recovered from scrap, brass and wire-rod mills accounted for approximately 80%. Copper recovered from scrap contributed 33% of the U.S. copper supply.","Recycling resources available for Copper in the United States in 2023 include:

Old (post-consumer) scrap: This type of scrap is converted to refined metal, alloys, and other forms, and provided an estimated 150,000 tons of copper in 2023.
New (manufacturing) scrap: This type of scrap is derived from fabricating operations and yielded an estimated 700,000 tons of copper in 2023.
Brass and wire-rod mills: These mills accounted for approximately 80% of the total copper recovered from scrap.
Copper recovered from scrap contributed 33% of the U.S. copper supply.","' In 2023, the recycling resources available for Copper in the United States include old (post-consumer) scrap, which is estimated to provide 150,000 tons of copper. This recycled copper contributes 33% of the U.S. copper supply.'","Sure, here's the answer to your question:

According to the provided context, the recycling of copper in the United States is not mentioned. Therefore, I cannot provide the requested information.","## RawMatAssist's Response\n\nBased on the provided text, your query is about recycling resources for Copper in 2023. However, the text does not provide enough context or information about the specific topic you're interested in. Therefore, I need more details to provide a comprehensive answer.\n\nPlease provide me with more information about your specific query, such as:\n\n* **What specific aspect of recycling resources for Copper in 2023 are you interested in?** (e.g. copper recovered from scrap, copper recovered from new manufacturing scrap, total copper recycled)\n* **Are you interested in the U.S. or global recycling resources?**\n* **Is there a specific country you want to focus on?**\n\nOnce I have more information, I can provide a more tailored and accurate answer to your query.",,,
What was the price of Silver in 2020?,mcs2021-silver.pdf,"Silver Price, bullion, average, dollars per troy ounce: $20 in 2020.","According to the provided information, the average price of Silver in 2020 was $20.00 per troy ounce, which is 16% higher than the average price in 2019.", The average price of Silver in 2020 was $20.00 per troy ounce.',"The average price of Silver in 2020 was $17.98 per troy ounce, 16% higher than the average price in 2019.","Sure, here is the answer to the query:\n\nThe price of silver in 2020 was $20.00 per troy ounce, 16% higher than the average price in 2019. The price began the year at $17.98 per troy ounce, then decreased to a low of $12.13 per troy ounce on March 18. The price of silver increased to a high of $28.99 per troy ounce, in August, because the COVID-19 pandemic caused an increase in investor demand as well as in industrial demand.\n\nTherefore, the average price of silver in 2020 was $20.00 per troy ounce.",,,
What substitutes are available for Chromium in 2022?,mcs2023-chromium.pdf,"Chromium has no substitute in stainless steel, the leading end use, or in superalloys, the major strategic end use. Chromium-containing scrap can substitute for ferrochromium in some metallurgical uses. ","There are no substitutes available for Chromium in the steel industry in 2022. Chromium has no substitute in stainless steel, the leading end use, or in superalloys, the major strategic end use. Chromium-containing scrap can substitute for ferrochromium in some metallurgical uses.",""" In 2022, there are no direct substitutes for Chromium in stainless steel and superalloys, which are the leading and major strategic end uses, respectively. However, chromium-containing scrap can substitute for ferrochromium in some metallurgical uses. The United States, South Africa, India, China, Brazil, United Arab Emirates, Finland, and Russia are among the countries with significant Chromium production. If you are looking for a substitute in terms of materials, it might be worth exploring other alloys or metals that can provide similar properties in specific applications. However, it's important to note that these alternatives may not offer the same level of performance, durability, or cost-effectiveness as Chromium. If you have a specific application or industry in mind, I would be happy to help you explore potential alternatives further.""","The context provides information about the substitutes for Chromium in 2022. However, it does not provide specific details about the substitutes in 2023. Therefore, I cannot answer this question from the provided context.","## Summary of the text:\n\nThis text describes the availability of substitutes for chromium in 2022. It states that chromium has no substitute in stainless steel and superalloys, but chromium-containing scrap can substitute for ferrochromium in some metallurgical uses.\n\n**Key points:**\n\n* Chromium has no substitute for stainless steel and superalloys.\n* Chromium-containing scrap can substitute for ferrochromium in some metallurgical uses.\n* The text does not provide information about substitutes for other uses of chromium.\n* The text does not provide information about the availability of substitutes for chromium in other years.\n\n**Overall, the text provides insufficient information to answer the question of ""What substitutes are available for Chromium in 2022?""**",,,
What is the global production of Aluminum in 2021?,Production CSV , The global production of aluminum in 2021 was 67510000 tons.,"According to the provided data, the global production of aluminum in 2021 was 67,510,000 tons."," The global production of Aluminum in 2021 was approximately 6,751,000 thousand metric tons. The United States produced 889,000 thousand metric tons, which accounted for 1.3168% of the global production. The Herfindahl-Hirschman Index (HHI) contribution for the production of Aluminum in the United States was 1.7340. The production HHI for Aluminum worldwide was 3,447.58.'","The global production of aluminum in 2021 was 59,400 thousand metric tons, which increased to 60,000 thousand metric tons in 2018. The average annual U.S. market price increased by about 55% from that in 2020. Transportation applications accounted for 35% of domestic consumption; in descending order of consumption, the remainder was used in packaging, 23%; building, 16%; electrical, 9%; consumer durables, 7%; machinery, 7%; and other, 3%.","Based on the provided text, the query is ""What is the global production of Aluminum in 2021?""\n\nThe text describes the global production of Aluminum in 2021 as 889,000 tons.\n\nTherefore, the answer to the query is:\n\n**The global production of Aluminum in 2021 was 889,000 tons.",,,
Briefly explain about Domestic Production and Use of rare earth metals in 2023?,mcs2024-rareearths.pdf,"Domestic Production and Use: Rare earths were mined domestically in 2023. Bastnaesite (or bastnäsite), a rare- earth fluorocarbonate mineral, was mined as a primary product at a mine in Mountain Pass, CA. Monazite, a phosphate mineral, was stockpiled as a separated concentrate or included as an accessory mineral in heavy-mineral- sand concentrates in the southeastern United States. Mixed rare-earth compounds were also produced in the western United States. The estimated value of rare-earth compounds and metals imported by the United States in 2023 was $190 million, a 7% decrease from $208 million in 2022. The estimated leading domestic end use of rare earths was catalysts. Significant amounts of rare earths are imported as permanent magnets embedded in finished goods. Other end uses were ceramics and glass, metallurgical applications and alloys, and polishing.","Domestic Production and Use of Rare Earth Metals in 2023:

Rare earths were mined domestically in 2023. Bastnaesite (or bastnäsite), a rare-earth fluorocarbonate mineral, was mined as a primary product at a mine in Mountain Pass, CA. Monazite, a phosphate mineral, was stockpiled as a separated concentrate or included as an accessory mineral in heavy-mineral-sand concentrates in the southeastern United States. Mixed rare-earth compounds were also produced in the western United States.

The estimated value of rare-earth compounds and metals imported by the United States in 2023 was $190 million, a 7% decrease from $208 million in 2022. The estimated leading domestic end use of rare earths was catalysts. Significant amounts of rare earths are imported as permanent magnets embedded in finished goods. Other end uses were ceramics and glass, metallurgical applications and alloys, and polishing.

The total production of rare earths in the United States in 2023 was 43,000 metric tons, with a market share of 12.17%. The production HHI (Herfindahl-Hirschman Index) was 4909.19.

Here is a breakdown of the production and imports of rare earths in the United States in 2023:

Domestic production: 43,000 metric tons
Imports: $190 million
Leading domestic end use: Catalysts
Other end uses: Ceramics and glass, metallurgical applications and alloys, and polishing
Market share: 12.17%
Production HHI: 4909.19","' In 2023, the United States mined rare earths domestically, primarily bastnaesite from Mountain Pass, CA, and monazite from the southeastern United States. The estimated domestic production of rare earths was 43,000 metric tons, accounting for 12.17% of the global market share and contributing 148.11 HHI points to the production HHI. The estimated value of rare-earth compounds and metals imported by the United States in 2023 was $190 million, a 7% decrease from 2022. The leading domestic end use of rare earths was catalysts, with significant amounts imported as permanent magnets embedded in finished goods. Other end uses included ceramics and glass, metallurgical applications and alloys, and polishing. Limited quantities of rare earths are recovered from batteries, permanent magnets, and fluorescent lamps through recycling.'","Sure, here's the answer to your question:

The context provides information about the production and consumption of rare earth metals in the United States in 2023. It mentions that rare earths were mined domestically, with a total production of 43,000 metric tons.

The context also provides a breakdown of the production by country, with the highest production coming from China (24,000 metric tons). The context also provides a breakdown of the end use of rare earth metals, with catalysts being the most significant end use (74%).

The context also provides a breakdown of the end use of rare earth metals by category, with the highest end use being in the ceramics and glass category (10%).

The context also provides a breakdown of the end use of rare earth metals by country, with the highest end use coming from China (69.76%).

The context also provides a breakdown of the Herfindahl-Hirschman index (HHI) and production market share by country, with the highest HHI and production market share coming from China (0.8637).

The context also provides a breakdown of the production HHI and production market share by country, with the highest production and production market share coming from China (24,000 and 43,000 respectively).

If the context was relevant to the question, then the information about the production and consumption of rare earth metals in the United States in 2023 would have been relevant.","## Summary of the text:\n\nThis text describes the domestic production and use of rare earth metals in the United States in 2023, based on the provided context. It covers various aspects, including production, imports, exports, consumption, price, and employment.\n\n**Key points:**\n\n* Domestic production of rare earths increased from 42,000 in 2021 to 43,000 in 2022.\n* Imports of rare earths decreased from $208 million in 2022 to $190 million in 2023.\n* The leading domestic end use of rare earths is catalysts.\n* The majority of rare earth exports are ores and compounds.\n* The price of rare earth oxides fluctuates significantly.\n* Employment in the rare earth industry has decreased in recent years.\n\n**Overall, this text provides a comprehensive overview of the domestic production and use of rare earth metals in the United States in 2023. It includes detailed data and statistics on various aspects of the industry.**\n\n**Additional notes:**\n\n* The text includes some technical terms, such as HHI (Herfindahl-Hirschman Index) and market share. If you are not familiar with these terms, you may need to research them further.\n* The text assumes that the year is 2023 if it is not explicitly stated in the query.\n* If you have any further questions or need additional information, please feel free to ask",,,
Which country has the largest reserve of Lithium in 2023?,Reserve CSV,"According to the provided data, the country with the largest reserve of Lithium in 2023 is Chile, with a reserve of 9,300,000 tons.","Chile holds the largest reserve of Lithium, totaling 9,300,000 tons as of 2023.","' Based on the provided data, Argentina has the largest reserve of Lithium in 2023, with a total of 3,600,000 tons.'","The context provides information about the largest reserve of Lithium in 2023, but it does not specify the country with the largest reserve. Therefore, I cannot answer this question from the provided context.","## Summary of the text:\n\nThis text describes the global lithium reserves and production landscape, focusing on the year 2023. It includes information about various countries, including the United States, Argentina, Chile, China, Russia, and Brazil. \n\n**Key points:**\n\n* **Lithium reserves:**\n * The text identifies the top countries with the largest lithium reserves in the world, with Bolivia, Argentina, and Chile holding the largest reserves.\n * Total global lithium reserves are estimated to be around 17 million tons.\n* **Lithium production:**\n * The text describes the lithium production for various countries in 2020 and 2021.\n * China and Chile are the largest producers of lithium, followed by the United States, Russia, and Argentina.\n* **Herfindahl-Hirschman Index (HHI):**\n * The text mentions HHI but does not explain its significance.\n\n**Overall, the text provides a comprehensive overview of the lithium industry, highlighting the key players and their respective reserves and production levels.**\n\n**Additional notes:**\n\n* The text includes some incomplete information, such as the lack of reserves data for some countries and the absence of information about HHI.\n* The text could be improved by providing more details about the data, such as the sources and methodologies used to gather the information.\n* The text could also include more information about the global lithium market, such as demand projections and the impact of lithium on various industries.",,,
What was the price trend for rare earths from 2021 to 2023?,mcs2024-rareearths.pdf,"Rare Earths Price, average, dollars per kilogram:
Cerium Oxide, 99.5%minimum, $2  in 2021, $1 in 2022, and  $1  in 2023.                                                                                                                       Dysprosium Oxide,  99.5%minimum, $410 in 2021, $382 in 2022,  and $323 in 2023.
Europium oxide, 99.99% minimum,  $31 2021, $30 in 2022, and $27 in 2023.
Lanthanum oxide, 99.5% minimum,  $2 in 2021, $1 in 2022, and $1 in 2023.
Mischmetal, 65% cerium, 35% lanthanum, $6 in 2021,  $7 in 2022, and  $5 in 2023.
Neodymium oxide, 99.5% minimum, $98 in 2021, $134 in 2022, and $80 in 2023.
Terbium oxide, 99.99% minimum, $1,346 in 2021,  $2,051 in 2022, and $1,300 in 2023.
","The historical price trend for rare earths from 2021 to 2023 is as follows:
Cerium oxide: The price remained stable at $2 from 2021 to 2022, and then decreased to $1 in 2023.
Dysprosium oxide: The price increased from $410 in 2021 to $382 in 2022, and then decreased to $323 in 2023.
Europium oxide: The price decreased from $31 in 2021 to $30 in 2022, and then decreased to $27 in 2023.
Lanthanum oxide: The price remained stable at $2 from 2021 to 2022, and then decreased to $1 in 2023.
Mischmetal: The price increased from $6 in 2021 to $7 in 2022, and then remained stable at $7 in 2023.
Neodymium oxide: The price increased significantly from $98 in 2021 to $134 in 2022, and then decreased to $80 in 2023.
Terbium oxide: The price increased from $1,346 in 2021 to $2,051 in 2022, and then decreased to $1,300 in 2023.
Overall, the prices of rare earths have been fluctuating over the past few years, with some prices increasing significantly while others have decreased.
"," The price trend for rare earths from 2021 to 2023 can be observed from the following data:\n\n             - Europium oxide, 99.99% minimum, was priced at $27 in 2023.\n             - Lanthanum oxide, 99.5% minimum, had no data for 2023.\n             - Mischmetal, 65% cerium, 35% lanthanum, had no data for 2023.\n             - Neodymium oxide, 99.5% minimum, was priced at $80 in 2023.\n             - Terbium oxide, 99.99% minimum, was priced at $1,300 in 2023.\n\n             It is important to note that these prices are for specific grades of rare earth oxides and may vary for other grades or compounds. Additionally, the prices may fluctuate based on market conditions and other factors.\n\n             For more detailed information, please consult the relevant reports or contact a mineral commodity expert.'","I cannot provide a definitive answer to the question, as the context does not provide any information about the specific rare earth elements and compounds that are being discussed.","## RawMatAssist's Response\n\nBased on the provided text, I understand that the query is about the price trend of rare earths from 2021 to 2023. However, the provided text does not contain information about the price trend of rare earths in that period, therefore I cannot answer this query.\n\nPlease provide more details about the specific rare earth element, country, and year you are interested in, and I will try to provide an answer.",,,
"What are the Events, Trends, and Issues associated with Lithium in 2023?",mcs2024-lithium.pdf,"Events, Trends, and Issues: Excluding U.S. production, worldwide lithium production in 2023 increased by 23% to approximately 180,000 tons from 146,000 tons in 2022 in response to strong demand from the lithium-ion battery market. Global consumption of lithium in 2023 was estimated to be 180,000 tons, a 27% increase from the revised consumption figure of 142,000 tons in 2022. However, concern of a short-term lithium oversupply, expiration of the Chinese Government’s decade-long program of subsidies for electric vehicle (EV) purchases, and weaker-than- expected EV sales worldwide caused the price of lithium to decrease considerably in 2023.
Spot lithium carbonate prices in China [cost, insurance, and freight (c.i.f.)] decreased from approximately $76,000 per ton in January to about $23,000 per ton in November. For fixed contracts, the annual average U.S. lithium carbonate price was $46,000 per ton in 2023, a decrease of 32% from that in 2022. Spot lithium hydroxide prices in China
(c.i.f. China) decreased from approximately $81,500 per ton in January to about $22,500 per ton in November. Spodumene (6% lithium oxide) prices in Australia (free on board) decreased from approximately $6,000 per ton in January to about $2,500 per ton in November.
Seven mineral operations in Australia, one mineral tailings operation in Brazil, two brine operations each in Argentina and Chile, two mineral operations in Canada, five mineral and four brine operations in China, and one mineral operation in Zimbabwe accounted for the majority of world lithium production. Additionally, smaller operations in Argentina, Australia, Brazil, China, Portugal, the United States, and Zimbabwe also contributed to world lithium production. Owing to the rapid increase in demand of lithium in 2023, established lithium operations worldwide increased or were in the process of increasing production capacity.
In 2022, the U.S. Department of Energy selected 12 lithium-based projects funded with $1.6 billion from the 2022 U.S. Bipartisan Infrastructure Law to support new commercial-scale domestic facilities to extract and process lithium, manufacture battery components, recycle batteries, and develop new technologies to increase U.S. lithium reserves. The 2022 U.S. Inflation Reduction Act added tax incentives to consolidate sourcing of battery materials and manufacturing of EVs to North American and U.S.-partner countries.
Lithium supply security has become a top priority for technology companies in Asia, Europe, and North America. Strategic alliances and joint ventures among technology companies and exploration companies continued to be established to ensure a reliable, diversified supply of lithium for battery suppliers and vehicle manufacturers. Brine-based lithium sources were in various stages of development or exploration in Argentina, Bolivia, Canada, Chile, China, and the United States; mineral-based lithium sources were in various stages of development or exploration in Australia, Austria, Brazil, Canada, China, Congo (Kinshasa), Czechia, Ethiopia, France, Finland, Germany, Ghana, India, Iran, Kazakhstan, Mali, Namibia, Nigeria, Peru, Portugal, Russia, Rwanda, Serbia, Spain, Thailand, Turkey, the United States, and Zimbabwe; lithium-clay sources were in various stages of development or exploration in Mexico and the United States.","Key Events, Trends, and Issues associated with Lithium in 2023:

Global Lithium Production: Worldwide lithium production in 2023 increased by 23% to approximately 180,000 tons from 146,000 tons in 2022 in response to strong demand from the lithium-ion battery market.
Global Lithium Consumption: Global consumption of lithium in 2023 was estimated to be 180,000 tons, a 27% increase from the revised consumption figure of 142,000 tons in 2022.
Lithium Price: Spot lithium carbonate prices in China decreased from approximately $76,000 per ton in January to about $23,000 per ton in November, due to concern of a short-term lithium oversupply, expiration of the Chinese Government's decade-long program of subsidies for electric vehicle (EV) purchases, and weaker-than-expected EV sales worldwide.
Recycling: Construction of lithium battery recycling plants increased at a rapid pace, with about 40 companies in Canada and the United States and 50 companies in Europe recycled lithium batteries or planned to do so.
Import Sources: Argentina, Chile, China, Russia, and other countries continued to be the main import sources for the United States, with Argentina accounting for 51% of imports, Chile for 43%, and China for 3%.
Government Stockpile: There is no information available on the government stockpile of lithium.
Potential Disposals: There were no potential disposals listed for any of the materials across both fiscal years.
These events, trends, and issues highlight the significant changes in the lithium market in 2023, including increased production and consumption, decreased prices, and increased recycling efforts.",""" Events, Trends, and Issues associated with Lithium in 2023:\n\n             - In 2023, the imports of lithium further increased to 3,400 tons, marking a continuous rise from 2,640 tons in 2022 and 3,270 tons in 2021.\n\n             - The exports slightly decreased to 2,300 tons in 2023, after seeing a significant increase from 1,870 tons in 2021 to 2,440 tons in 2022.\n\n             - The price of battery-grade lithium carbonate decreased to $46,000 per metric ton in 2023, down from a peak of $68,100 in 2022.\n\n             - The net import reliance as a percentage of apparent consumption remained greater than 25% for all the years from 2019 to 2023.\n\n             - There were no planned acquisitions or disposals of lithium in 2023, as indicated by the dashes in the table.\n\n             - Concerns of a short-term lithium oversupply and weaker-than-expected electric vehicle sales worldwide may have contributed to the decrease in lithium prices in 2023.\n\n             - The top lithium producers in 2023, in terms of market share, were Australia (46.57%), Argentina (5.19%), and China (14.69%).\n\n             - The Herfindahl-Hirschman Index (HHI) for lithium production in 2023 was 3,096.29, with Australia contributing the most to the index (2,168.49).\n\n             - It's worth noting that the data for consumption, apparent, for 2023 is not available.\n\n             - Recycling of lithium batteries increased at a rapid pace in 2023, with about 40 companies in Canada and the United States and 50 companies in Europe recycling lithium batteries or planning to do so. Automobile companies and battery recyclers partnered to supply the automobile industry with a source of battery materials.\n\n             - Import sources for lithium in 2023 were Argentina (51%), Chile (43%), China (3%), Russia (2%), and other countries (1%).""","**Events, Trends, and Issues:**

**Excluding U.S. production:**

* Global lithium production increased by 23% to approximately 180,000 tons from 146,000 tons in 2022.
* However, concern of a short-term lithium oversupply, expiration of the Chinese Governments's decade-long program of subsidies for electric vehicle (EV) purchases, and weaker-than-expected EV sales worldwide caused the price of lithium to decrease considerably in 2023.

**Recycling:**

* Construction of lithium battery recycling plants increased at a rapid pace. In 2023, about 40 companies in Canada and the United States and 50 companies in Europe recycled lithium batteries or planned to do so.

**Potential Disposals:**

* There are no potential disposals listed for any of the materials across both fiscal years.","## Summary of Events, Trends, and Issues associated with Lithium in 2023\n\nThis text describes events, trends, and issues related to lithium in 2023, based on the provided context. Here's a summary:\n\n**Events:**\n\n* **Increased global lithium production:** Production increased by 23% to 180,000 tons in 2023, driven by strong demand from the lithium-ion battery market.\n* **Decreased lithium prices:** Prices dropped considerably in 2023 due to oversupply and weaker-than-expected EV sales.\n* **Construction of lithium battery recycling plants:** Rapidly increasing, with about 40 companies in Canada and the US and 50 companies in Europe planning or operating recycling facilities.\n\n**Trends:**\n\n* **Growing demand for lithium:** Consumption is expected to increase by 27% to 180,000 tons in 2023.\n* **Potential oversupply:** Concerns exist about a short-term oversupply due to the expiration of Chinese subsidies and lower demand.\n* **Shifting market dynamics:** Lower electric vehicle sales and reduced lithium inventories are impacting the market.\n\n**Issues:**\n\n* **Potential shortage:** Despite the oversupply concerns, there could be a shortage of lithium in the future due to the increasing demand and limited supply from certain countries.\n* **Environmental impact:** Lithium mining and production have environmental impacts, which need to be addressed.\n* **Safety concerns:** Lithium batteries can pose safety risks, and there is a need for regulations to ensure safe handling and storage.\n\n**Additional notes:**\n\n* The text includes information about lithium production, consumption, and recycling in various countries.\n* It also provides information about the HHI (Herfindahl-Hirschman Index) and market share.\n* The text assumes that the year is 2023 if not explicitly stated in the query.\n* If the user needs further information or if the text is not relevant to their query, they are encouraged to refine the question with more details.",,,
What is the reserve HHI of Tungsten in 2021?,Reserve CSV,The HHI of Tungsten reserves in 2021 is 3823.740328,The Herfindahl-Hirschman Index (HHI) of Tungsten reserves in 2021 is 3823.740328.,""" To calculate the Reserve HHI for Tungsten in 2021, we need to know the market share of each country's tungsten reserves. Let's first find the market share of each country's reserves:\n\n 1. China: 1,900,000 tonnes / 3,800,000 tonnes = 0.514055356\n 2. Spain: 52,000 tonnes / 3,800,000 tonnes = 0.01406888342\n 3. Austria: 10,000 tonnes / 3,800,000 tonnes = 0.0027055545\n 4. Vietnam: 100,000 tonnes / 3,800,000 tonnes = 0.02607098418\n 5. Other countries: 1,400,000 tonnes / 3,800,000 tonnes = 0.3707098418\n\n Now, let's calculate the HHI contribution for each country:\n\n 1. China: 0.514055356^2 = 0.2642529087\n 2. Spain: 0.01406888342^2 = 0.001979334806\n 3. Austria: 0.0027055545^2 = 0.000073200252\n 4. Vietnam: 0.02607098418^2 = 0.006796962161\n 5. Other countries: 0.3707098418^2 = 0.1379687568\n\n Finally, let's calculate the Reserve HHI:\n\n Reserve HHI = Σ(HHI contribution) = 0.2642529087 + 0.001979334806 + 0.000073200252 + 0.006796962161 + 0.1379687568 = 3823.740328\n\n Therefore, the Reserve HHI of Tungsten in 2021 is 3823.740328.""",The reserve HHI of Tungsten in 2021 was 3823.740328.,"Based on the provided text, I understand the query is ""What is the reserve HHI of Tungsten in 2021?""\n\nHowever, the provided text does not contain information about the reserve HHI of Tungsten in 2021, therefore I cannot answer this query.\n\nPlease provide more details or refine the query if you want me to answer it.",,,
Which country has the largest reserve of Molybdenum as per 2023?,Reserve CSV,"
China has the largest reserve of Molybdenum in 2023 with 5800000  tons.	","Based on the provided information, the country with the largest reserve of Molybdenum as of 2023 is China, with a reserve of 5,800,000 tons, which accounts for 39.82% of the total global reserves."," Based on the provided context, the country with the largest reserve of Molybdenum as per 2023 is **China** with 5,800,000 metric tons in reserves.'","The context does not provide any information about the country that has the largest reserve of molybdenum, so I cannot answer this question from the provided context.","## Summary of the text:\n\nThis text describes the global molybdenum production and reserves, focusing on various countries. It includes information about the country with the largest reserve of molybdenum in 2023, which is Peru.\n\n**Key points:**\n\n* **Peru** has the largest reserve of molybdenum in the world, with 1,500,000 metric tons.\n* The total global reserve of molybdenum is estimated to be 15,000,000 metric tons.\n* Molybdenum is primarily used in steel production, and there is little substitution for it.\n* The production HHI and reserve HHI are global metrics that remain consistent across all countries for a given element and year.\n\n**Overall, the text provides a comprehensive overview of the global molybdenum production and reserves, highlighting the significant reserves present in various regions around the world.**",,,
What is the market share of China in Rare Earth Elements production?,Production CSV,The market share of China in Rare Earth Elements production in 2023 is 67.92709159%.,"According to the provided information, the market share of China in Rare Earth Elements production in 2023 is 67.92709159%."," The market share of China in Rare Earth Elements production in 2023 is approximately 67.92%. This information is based on the total production of 353,320 tons, with China producing 240,000 tons.'","The market share production of China in Rare Earth Elements production was 61.45773785, which is higher than the market share production of the United States, India, and Russia combined.","Based on the provided text, here is the answer to the query:\n\n**What is the market share of China in Rare Earth Elements production in the year 2023?**\n\nThe text states that ""China continued to dominate the global supply of rare earths"" in 2023. It also mentions the market share of China in rare earth production for that year as 67.92%. Therefore, the answer to the query is 67.92%.",,,
What are the primary substitutes for Cobalt in lithium-ion battery manufacturing?,mcs2024-cobalt.pdf,"Substitutes: Depending on the application, substitution for cobalt could result in a loss in product performance or increase cost. The cobalt contents of lithium-ion batteries, the leading global use for cobalt, are being reduced; cobalt- free substitutes that use iron and phosphorus held significant market share in China","The primary substitutes for Cobalt in battery manufacturing, specifically in lithium-ion batteries, are:

Iron and Phosphorus: These elements can be used to create cobalt-free substitutes for lithium-ion batteries.
Note that the suitability of these substitutes may vary depending on the specific application and the desired performance characteristics."," The primary substitutes for Cobalt in lithium-ion battery manufacturing are iron and phosphorus. Other potential substitutes in other applications include barium or strontium ferrites, neodymium-iron-boron alloys, or nickel-iron alloys in magnets; cerium, iron, lead, manganese, or vanadium in paints; cobalt-iron-copper or iron-copper in diamond tools; copper-iron-manganese for curing unsaturated polyester resins; iron, iron-cobalt-nickel, nickel, ceramic-metallic composites (cermets), or ceramics in cutting and wear-resistant materials; nickel-base alloys or ceramics in jet engines; nickel in petroleum catalysts; rhodium in hydroformylation catalysts; and titanium-base alloys in prosthetics.'","The context provides information about substitutes for cobalt in lithium-ion battery manufacturing, but it is not relevant to the question. Therefore, I cannot answer this question from the provided context.","## Summary of the text:\n\nThis text describes the potential substitutes for cobalt in lithium-ion battery manufacturing in 2023. It highlights that the cobalt content in lithium-ion batteries is being reduced, and potential substitutes include iron and phosphorus. Additionally, other potential substitutes in various applications are listed.\n\n**Key points:**\n\n* Cobalt content in lithium-ion batteries is being reduced.\n* Potential commercially available cobalt-free substitutes use iron and phosphorus.\n* Potential substitutes in other applications include barium or strontium ferrites, neodymium-iron-boron alloys, or nickel-iron alloys in magnets; cerium, iron, lead, manganese, or vanadium in paints; cobalt-iron-copper or iron-copper in diamond tools; copper-iron-manganese for curing unsaturated polyester resins; iron, iron-cobalt-nickel, nickel, ceramic-metallic composites (cermets), or ceramics in cutting and wear-resistant materials; nickel-base alloys or ceramics in jet engines; nickel in petroleum catalysts; rhodium in hydroformylation catalysts; and titanium-base alloys in prosthetics.\n* The production HHI or reserve HHI is a global metric that remains consistent across all countries for a given element and year.\n\n**Overall, this text provides a comprehensive overview of potential substitutes for cobalt in lithium-ion battery manufacturing in 2023, highlighting the potential impact on product performance and cost.**",,,
What is the reserve base of Titanium globally as of 2023?,Reserve CSV,The global reserve base of Titanium in 2023 is 750060000 tons.,"According to the provided data, the global titanium reserve base as of 2023 is 750,060,000 units."," The global reserve base of Titanium, as of 2023, is approximately 750,006,000 tons. This includes reserves of ilmenite and rutile combined. China holds the largest share of these reserves with around 27.99% (210,000,000 tons), followed by South Africa with 4.54% (34,100,000 tons), India with 12.32% (92,400,000 tons), and other countries with 26.67% (190,060,000 tons). The exact market share for each country may vary depending on the specific mineral (ilmenite or rutile) and the year under consideration.'","The context does not provide any information about the relevance of the question to the context, so I cannot answer this question from the provided context.","## Summary of the text:\n\nThis text describes the global titanium mineral concentrate production and reserves, focusing on the year 2023. It includes information about various countries, including the United States, Australia, Brazil, Canada, China, India, South Africa, and others. \n\n**Key points:**\n\n* **Reserve base of Titanium globally in 2023:** 55,000 units.\n* **Global production in 2023:** 560 units.\n* **Leading producers:** China, United States, South Africa, Mozambique.\n* **Leading sources of titanium mineral concentrates to China:** Mozambique, Norway, Vietnam.\n* **Total reserves:** 750,000 units.\n* **Market share of reserves:** 2.6% for the United States, 4.5% for South Africa, 27.9% for China.\n\n**Additional notes:**\n\n* The text includes information about the Herfindahl-Hirschman Index (HHI) and market share.\n* The text assumes that the year is 2023 if not explicitly stated in the query.\n* The text prioritizes information from the JSON data when answering questions about HHI, production market share, or reserve market share.\n* If the text is not relevant to the query, the user is encouraged to refine the question with further details.",,,
What recycling options are available for Platinum group metals?,mcs2024-platinumgroup.pdf,"About 120,000 kilograms of palladium and platinum were recovered globally from new and old scrap in 2023, including about 42,000 kilograms of palladium and 9,000 kilograms of platinum recovered from automobile catalytic converters in the United States. ","Recycling options for Platinum group metals (PGMs) in 2023 include:

Automobile catalytic converters: PGMs are recovered from the converters of end-of-life vehicles, which are then recycled and reused in various applications.
Jewelry and coins: PGMs are recovered from scrap jewelry and coins, which are then recycled and reused in various applications.
Industrial processes: PGMs are recovered from industrial processes, such as petroleum refining, chemical processing, and glass manufacturing, where they are used as catalysts or additives.
Electronic waste: PGMs are recovered from electronic waste, such as computers, smartphones, and other electronic devices, which contain PGMs in their components.
Refining and smelting: PGMs are recovered from ores and concentrates through refining and smelting processes, which involve heating and melting the materials to extract the PGMs.
In 2023, about 120,000 kilograms of palladium and platinum were recovered globally from new and old scrap, including about 42,000 kilograms of palladium and 9,000 kilograms of platinum recovered from automobile catalytic converters in the United States.",""" Platinum group metals (PGMs) can be recycled from various sources, including spent catalytic converters, scrap alloys, and electronic waste. Here are some specific recycling options for each PGM:\n\n1. Platinum (Pt): Recycling of spent catalytic converters is the primary method for recovering platinum. Other sources include scrap alloys, jewelry, and electronic waste.\n\n2. Palladium (Pd): Similar to platinum, spent catalytic converters are the primary source for recycling palladium. Other sources include scrap alloys, jewelry, and electronic waste.\n\n3. Rhodium (Rh): Rhodium is primarily recovered from spent catalytic converters, but it can also be found in electronic waste and platinum-group metal alloys.\n\n4. Ruthenium (Ru): Ruthenium is mainly recovered from spent catalytic converters, but it can also be found in electronic waste and platinum-group metal alloys.\n\n5. Iridium (Ir) and Osmium (Os): These metals are primarily recovered from spent catalytic converters, but they can also be found in electronic waste and platinum-group metal alloys.\n\nIt's important to note that the recycling process for PGMs involves various techniques such as smelting, leaching, and electrolysis. The specific process depends on the source material and the desired purity of the recovered metal.\n\nRegarding the HHI (Herfindahl-Hirschman Index) for PGM recycling, I'm unable to provide that information as it's not explicitly mentioned in the provided context. If you have more specific details or a different context, I'd be happy to help with that!""","**Recycling Options for Platinum Group Metals**

**Overview:**

The context provides information on the recycling of platinum group metals (PGMs) over a span of five years (2015-2023). It highlights the fluctuations and trends in the market and industry operations.

**Key Points:**

* About 110,000 kilograms of platinum and palladium were recovered globally from new and old scrap in 2017.
* About 120,000 kilograms of palladium and platinum were recovered globally from new and old scrap in 2023.
* The recycling process is significant, indicating the importance of PGMs in various industries.
* The data provides insights into the fluctuations in the market and the impact of recycling on the supply chain.

**Relevant Information:**

* The context does not provide specific details about the recycling facilities or processes.
* It does not mention the current year or specific country's recycling operations.

**Recommendation:**

To provide a more comprehensive answer, please specify the year or country of interest, as well as any specific materials or recycling processes you are interested in.","## Summary of the text:\n\nThis text describes various topics related to platinum group metals (PGMs) including recycling options, production, imports, exports, and reserves. It also includes information about the HHI (Herfindahl-Hirschman Index) and market share.\n\n**Key points:**\n\n* **Recycling options:** About 120,000 kg of palladium and platinum were recovered globally from new and old scrap in 2023.\n* **Production:** Production of platinum declined from 4,150 kg in 2019 to 2,900 kg in 2023.\n* **Imports:** Imports of palladium and platinum increased in 2023 compared to 2019.\n* **Reserves:** Reserves of platinum and palladium are significant, with the majority located in South Africa.\n* **HHI:** The HHI is a global metric that measures the market concentration of a particular industry.\n* **Market share:** The market share of PGMs is dominated by a few large companies.\n\n**Overall, the text provides a comprehensive overview of the current state of the PGM market, including information on recycling options, production, imports, exports, and reserves.**\n\n**Additional notes:**\n\n* The text is well-structured and easy to read, although it could be more concise in some areas.\n* The text includes a lot of technical information, such as HHI and market share, which may not be relevant to some users.\n* The text assumes that the user is interested in the current year, 2023, unless otherwise specified.\n* The text prioritizes information about HHI, production market share, and reserve market share when requested by the user.",,,
What is the Domestic production and use of Antimony in 2023?,mcs2024-antimony.pdf,"Domestic Production and Use of Antimony: In 2023, no marketable antimony was mined in the United States. Primary antimony metal and oxide were produced by one company in Montana using imported feedstock; data were not available. Secondary antimony production was derived mostly from antimonial lead recovered from spent lead-acid batteries. The estimated value of secondary antimony produced in 2023 was about $49 million. Recycling supplied about 18% of estimated domestic apparent consumption, and the remainder came mostly from imports. In the United States, the leading uses of antimony were metal products, including antimonial lead and ammunition, 43%; flame retardants, 35%; and nonmetal products, including ceramics and glass and rubber products, 22%.","According to the provided data, in 2023, no marketable antimony was mined in the United States. Primary antimony metal and oxide were produced by one company in Montana using imported feedstock. Secondary antimony production was derived mostly from antimonial lead recovered from spent lead-acid batteries. The estimated value of secondary antimony produced in 2023 was about $49 million. Recycling supplied about 18% of estimated domestic consumption, and the remainder came mostly from imports."," In 2023, the domestic production of Antimony in the United States was not reported or did not occur. The primary and secondary antimony metal and oxide were produced by one company in Montana using imported feedstock, but data were not available. The estimated value of secondary antimony produced in 2023 was about $49 million. Recycling supplied about 18% of estimated domestic consumption, and the remainder came mostly from imports. The leading uses of antimony were metal products, including antimonial lead and ammunition (43%), flame retardants (35%), and nonmetal products, including ceramics and glass and rubber products (22%).\n\n             To calculate the HHI contribution for antimony production in the United States, we would need data on the number of companies producing antimony and their individual market shares. However, since no data was provided on the number of companies producing antimony in the United States, it is not possible to calculate the HHI contribution for antimony production in the United States.\n\n             To calculate the market share of domestic antimony production, we would need data on the total global antimony production and the amount of antimony produced in the United States. However, since no data was provided on the total global antimony production, it is not possible to calculate the market share of domestic antimony production.\n\n             To calculate the reserve market share of the United States, we would need data on the total global antimony reserves and the antimony reserves in the United States. However, since no data was provided on the total global antimony reserves, it is not possible to calculate the reserve market share of the United States.\n\n             If you have more specific questions or need more detailed information, please let me know!'","**Domestic Production and Use: Antimony in the United States**

**Production:**

* No marketable antimony was mined in the United States in 2021, 2022, and 2023.

**Imports:**

* Antimony was imported into the United States in 2021 and 2022, with a total value of $47 million and $60 million, respectively.
* Recycling supplied about 15% of estimated domestic consumption in 2021 and 2022.

**Consumption:**

* Antimony was used in various applications in the United States in 2021 and 2022, including metal products, ammunition, and ceramics and glass products.
* The estimated value of antimony consumption in 2021 was about $228 million, and the estimated value of antimony consumption in 2022 was about $228 million.

**Price:**

* The average New York dealer price for antimony was $5.31 per pound in 2021 and $6.30 per pound in 2022.
* The highest price for antimony was $7.03 per pound in March 2022, and the lowest price was $5.31 per pound in 2021.

**Trends and Issues:**

* Antimony is a leading global producer of antimony, accounting for 55% of global mine production in 2022.
* The supply of antimony raw materials and downstream production of antimony products was constrained in 2022 as a result of various temporary mine shutdowns to mitigate the spread of the coronavirus disease 2019 (COVID-19).
* The antimony price reached a high of $7.03 per pound in March 2022, and the estimated average price was $6.30 per pound in 2022.","**Summary:**\n\nThe text provided describes the domestic production and use of antimony in the United States in 2023, based on available reports. It covers various aspects, including production, imports, exports, consumption, price, substitutes, events, trends, and issues.\n\n**Key Points:**\n\n* No marketable antimony was mined in the United States in 2023.\n* Primary antimony metal and oxide were produced by one company in Montana using imported feedstock.\n* Secondary antimony production was derived mostly from antimonial lead recovered from spent lead-acid batteries.\n* The estimated value of secondary antimony produced in 2023 was about $49 million.\n* Recycling supplied about 18% of estimated domestic consumption.\n* The leading uses of antimony in the United States in 2023 were metal products, flame retardants, and nonmetal products.\n\n**Additional Notes:**\n\n* The text includes information on global mine production and reserves, as well as the HHI (Herfindahl-Hirschman Index) for antimony production.\n* The text assumes that the year is 2023 if not explicitly stated in the query.\n* If the user asks about HHI, production market share, or reserve market share, the information in the JSON data will be prioritized.\n* If the context is not relevant to the question, the user will be informed and asked to refine the query.\n\n**Please let me know if you have any further questions or require additional information.**",,,
What is the market share of Russia in Palladium production?,Production CSV, The market share of Russia in Palladium production in 2023 is 44.55205811%,"According to the provided data, the market share of Russia in Palladium production in 2023 is 44.55205811%."," The market share of Russia in Palladium production is approximately 42.78% in 2023. This information is derived from the following data:\n\n            ""{\\""element\\"": \\""Pd\\"", \\""element name\\"": \\""Palladium\\"", \\""year\\"": 2023, \\""country\\"": \\""Russia\\"", \\""tons_production\\"": 87, \\""total_production\\"": 203.34, \\""market_share_production\\"": 42.78548244, \\""HHI_contribution_production\\"": 1830.597508, \\""production HHI\\"": 3260.844571, \\""info_production\\"": null}""\n\n             This data indicates that Russia produced 87 tons of Palladium in 2023, which is 42.78% of the total global Palladium production of 203.34 tons. The Herfindahl-Hirschman Index (HHI) for Palladium production in 2023 is 3260.84, which measures the concentration of production among different countries.","Based on the provided text, your query is ""What is the market share of Russia in Palladium production in 2023?""\n\nThe text describes various countries\' production and reserves of Palladium and Platinum in 2020 and 2021. It also includes information about Russia\'s production and market share in both years.\n\n**Here is the summary of Russia\'s market share of Palladium production in 2023:**\n\n* In 2023, Russia produced 92 tons of Palladium.\n* The total production of Palladium in Russia in 2023 was 206.5 tons.\n* Russia\'s market share of Palladium production in 2023 is 44.55%.\n\nTherefore, the answer to your query is:\n\n**Russia\'s market share of Palladium production in 2023 is 44.55%.","Based on the provided text, here is RawMatAssist's answer to the query:\n\n**What is the market share of Russia in Palladium production in 2017?**\n\nThe text states that Russia produced 85,200 kilograms of Palladium in 2017, which represents a market share of 40.62%.\n\nTherefore, RawMatAssist's answer to the query is:\n\n**The market share of Russia in Palladium production in 2017 is 40.62%.",,,
What is the production capacity of Canada for Cobalt?,Production CSV,"The production capacity of Canada for Cobalt in 2023 is 2,100 tons.","According to the provided data, the production capacity of Canada for Cobalt in 2023 is 2,100 tons.","' The production capacity of Canada for Cobalt in 2023 is 2,100 tons, as per the data provided.'","Sure, here's the answer to the question:

The context does not provide any information about the production capacity of cobalt in Canada, so I cannot answer this question from the provided context.","Based on the provided text, it appears that the query is about the production and reserves of cobalt in Canada in 2023. However, the text does not provide enough context or information about the specific topic of the query. Therefore, I am unable to provide an answer to the question.\n\nTo improve the situation, I would suggest that you provide more details about the query, such as:\n\n* **What specific information are you looking for about cobalt production and reserves in Canada in 2023?**\n* **Is there a specific material, such as nickel or copper, that you are interested in?**\n* **Is there a specific region in Canada that you are interested in?**\n\nOnce I have more information about the specific topic of the query, I will be able to provide a more accurate and complete answer.",,,
What are the recycling resources available for Rare Earths?,mcs2024-rareearths.pdf,"Recycling: Limited quantities of rare earths are recovered from batteries, permanent magnets, and fluorescent lamps. ","Recycling resources available for Rare Earths in the current year (2023) include:

Recycling of Rare Earths from batteries
Recycling of Rare Earths from permanent magnets
Recycling of Rare Earths from fluorescent lamps
These recycling resources are limited, and the majority of Rare Earths are still obtained through primary production and imports.",""" Recycling resources available for Rare Earths include limited quantities from batteries, permanent magnets, and fluorescent lamps. However, the specific quantities and sources may vary depending on the year and country. For instance, in the United States in 2023, it is estimated that 14% of Rare Earths are recycled from bastnäsite and xenotime, both domestic and foreign sources. It's important to note that the recycling rate is relatively low compared to the total production.\n\n             For more detailed information, I would recommend checking the USGS (United States Geological Survey) reports for specific years and countries. These reports provide comprehensive data on the production, import, export, consumption, pricing, employment, and net import reliance on various rare-earth elements and compounds.\n\n             If you're interested in the Herfindahl-Hirschman Index (HHI) or market share for production, imports, or reserves, I can help you with that as well. Just let me know the specific element, country, and year you're interested in.\n\n             If you have any other questions or need further clarification, feel free to ask!""","Sure, here's the answer to your question:

Recycling: Limited quantities of rare earths are recycled from batteries, permanent magnets, and fluorescent lamps.","Based on the provided text, your query is ""What are the recycling resources available for Rare Earths?""\n\nThe text mentions limited quantities of rare earths being recovered from batteries, permanent magnets, and fluorescent lamps. However, it does not provide details about the specific recycling resources available for Rare Earths in the United States or other countries. Therefore, I cannot answer this query.\n\nPlease provide me with more details about the specific recycling resources you are interested in, such as the country, year, and type of resource. I will then be able to provide you with the information you need.'",,,
What substitutes are available for Beryllium?,mcs2024-beryllium.pdf,"Substitutes: Because the cost of beryllium is high compared with that of other materials, it is used in applications in which its properties are crucial. In some applications, certain metal matrix or organic composites, high-strength grades of aluminum, pyrolytic graphite, silicon carbide, steel, or titanium may be substituted for beryllium metal or beryllium composites. Copper alloys containing nickel and silicon, tin, titanium, or other alloying elements or phosphor bronze alloys (copper-tin-phosphorus) may be substituted for beryllium-copper alloys, but these substitutions can result in substantially reduced performance. Aluminum nitride or boron nitride may be substituted for beryllium oxide.","According to the provided data, the substitutes available for Beryllium in aerospace applications in 2023 are:

Metal matrix or organic composites
High-strength grades of aluminum
Pyrolytic graphite
Silicon carbide
Steel
Titanium
Copper alloys containing nickel and silicon, tin, titanium, or other alloying elements
Phosphor bronze alloys (copper-tin-phosphorus)
Aluminum nitride or boron nitride"," Substitutes for Beryllium include metal matrix or organic composites, high-strength grades of aluminum, pyrolytic graphite, silicon carbide, steel, or titanium. Copper alloys containing nickel and silicon, tin, titanium, or other alloying elements or phosphor bronze alloys (copper-tin-phosphorus) may be substituted for beryllium-copper alloys, but these substitutions can result in substantially reduced performance. Aluminum nitride or boron nitride may be substituted for beryllium oxide.'","Sure, here are the substitutes for Beryllium:

- Copper alloys containing nickel and silicon, tin, titanium, or other alloying elements or phosphor bronze alloys (copper-tin-phosphorus)
- Aluminum nitride or boron nitride may be substituted for beryllium oxide.","Sure, here is the answer to the query:\n\n**What substitutes are available for Beryllium?**\n\nAccording to the text, the following materials can be substituted for beryllium in some applications:\n\n* Metal matrix or organic composites\n* High-strength grades of aluminum\n* Pyrolytic graphite\n* Silicon carbide\n* Steel\n* Titanium\n\nIt is important to note that these substitutions can result in substantially reduced performance.'",,,
Show me the production trend of Beryllium in the USA from 2020 to 2023.,Production CSV,"The production trend of Beryllium in USA from 2020 to 2023:                          year: tons                                                                                                                                             2020: 150 tons
2021: 170 tons
2022: 180 tons
2023: 190 tons","According to the provided data, the production trend of Beryllium in the USA from 2020 to 2023 is as follows:

2020: 150 tons
2021: 170 tons
2022: 180 tons
2023: 190 tons
The production has been increasing steadily over the years, with a slight decrease in 2020 and then a steady increase in subsequent years.",""" Based on the provided context, the production trend of Beryllium in the USA from 2020 to 2023 is as follows:\n\n             - 2020: 150 tons\n             - 2021: 170 tons\n             - 2022: 180 tons\n             - 2023: 190 tons\n\n             The market share of the USA in Beryllium production for these years is:\n\n             - 2020: 61.98%\n             - 2021: 66.41%\n             - 2022: 54.12%\n             - 2023: 57.40%\n\n             I'm unable to provide the HHI contribution or production HHI for these years as the context does not contain this information. If you have more details or need further assistance, please let me know.""","**Beryllium Production Trend in the United States from 2020 to 2023**

**Production:**

* The production of beryllium in the United States fluctuated from 150 in 2016 to 190 in 2019 and then decreased to 150 in 2020.
* In 2021, the production reached 170 and then decreased to 150 in 2022.
* In 2023, the production was 240, which is higher than the production in 2022.

**Imports and Exports:**

* Imports of beryllium into the United States decreased from 68 in 2016 to 60 in 2019 and then increased to 730 in 2022.
* Exports of beryllium from the United States increased from 155 in 2016 to 190 in 2019 and then decreased to 150 in 2020.
* In 2021, exports reached 210 and then decreased to 10 in 2022.
* In 2023, exports were 40, which is higher than the production in 2022.

**Net Import Reliance:**

* The net import reliance of beryllium in the United States was 16% in 2018, 18% in 2019, and 1% in 2021.
* In 2022, the net import reliance was 10%.
* In 2023, the net import reliance was 1%.

**Stocks and Reserves:**

* The stocks of beryllium in the United States remained relatively stable from 30 in 2018 to 35 in 2019 and then increased to 35 in 2021.
* The reserves of beryllium in the United States are estimated to be more than 100,000 tons.
* The proven and probable bertrandite reserves in Utah total about 19,000 tons of beryllium content.","Based on the provided text, I understand your query is:\n\n**Show me the production trend of Beryllium in the USA from 2020 to 2023.**\n\nHowever, the provided text does not contain information about the production trend of Beryllium in the USA from 2020 to 2023. Therefore, I cannot answer this query.\n\nPlease provide me with more details about the query, such as the specific material, country, and year you are interested in. I will then be able to provide you with the requested information.",,,
"What are the Events, Trends, and Issues associated with Tungsten?",mcs2024-tungsten.pdf,"Events, Trends, and Issues: World tungsten supply was dominated by production in China and exports from China. Production of tungsten concentrate outside China was estimated to have increased in 2023 but remained less than 20% of world production. The increase was from existing operations and from the restart of production from a historic mine in Australia. Additional production, primarily from mines in the Republic of Korea, Russia, Spain, and the United Kingdom, was forecast to begin within a year or two. Scrap continued to be an important source of raw material for the world tungsten industry.
Tungsten consumption is strongly influenced by economic conditions and industrial activity. China continued to be the world’s leading tungsten consumer. In 2023, global tungsten consumption was forecast to decrease slightly from that in 2022.","Events, Trends, and Issues associated with Tungsten in the USA in 2023:

World tungsten supply was dominated by production in China and exports from China.
Production of tungsten concentrate outside China was estimated to have increased in 2023 but remained less than 20% of world production.
Scrap continued to be an important source of raw material for the world tungsten industry.
Tungsten consumption is strongly influenced by economic conditions and industrial activity.
China continued to be the world's leading tungsten consumer.
In the United States, increased oil and gas drilling and a recovery of the aerospace industry resulted in an estimated increase in tungsten consumption.
Potential areas of future growth in tungsten consumption include new applications such as powders for additive manufacturing and the use of tungsten in lithium-ion batteries.
The estimated value of apparent consumption in 2023 was withheld to avoid disclosing company proprietary data.
Note: The data provided does not contain specific information on tungsten production in the USA. The data only includes information on tungsten production in other countries.",""" In 2023, the events, trends, and issues associated with Tungsten include:\n\n            1. World tungsten supply is dominated by production in China and exports from China, with production outside China accounting for less than 20% of the world's production. The increase in production outside China is primarily from existing operations and the restart of production from a historic mine in Australia. Additional production is forecast to begin in the Republic of Korea, Russia, Spain, and the United Kingdom within a year or two.\n\n            2. Scrap continues to be an important source of raw material for the world tungsten industry.\n\n            3. Tungsten consumption is influenced by economic conditions and industrial activity, with China being the world's leading tungsten consumer. Global tungsten consumption is forecast to decrease slightly from that in 2022.\n\n            4. Potential areas of future growth in tungsten consumption include new applications such as powders for additive manufacturing and the use of tungsten in lithium-ion batteries.\n\n            5. The Herfindahl-Hirschman Index (HHI) for tungsten production in 2023 is 6585.75, indicating a moderate level of concentration in the industry. China has the highest market share of tungsten production (80.86%), followed by Bolivia (1.93%), Spain (1.93%), Austria (1.17%), United Kingdom (1.03%), Australia (1.03%), Portugal (0.64%), and other countries (14.48%).""","**Events:**
                - In 2020, production of tungsten concentrate outside China was expected to remain at less than 20% of world production.
                - In 2021, China was the worlds leading tungsten consumer.

**Trends:**
- World tungsten supply was dominated by production in China and exports from China.

**Issues:**
- The decrease in tungsten consumption in 2020 is expected to result in a market surplus.
- The net import reliance as a percentage of apparent consumption is greater than 50% for 2017.","""## Summary of the text:\n\nThis text describes the events, trends, and issues associated with tungsten in the context of its production, consumption, and global market. It covers various aspects including:\n\n* **Production:** Dominant production in China, government regulation, and the impact on global supply.\n* **Consumption:** Global demand decrease due to the COVID-19 pandemic and the resulting market surplus.\n* **Imports and exports:** Significant reliance on imports, particularly from China.\n* **Recycling:** Estimated quantity of tungsten consumed from secondary sources.\n* **Price trends:** Fluctuations in prices for concentrates and downstream materials.\n* **HHI and market share:** Production HHI and market share information.\n\n**Overall, the text provides a comprehensive overview of the tungsten market, highlighting key events, trends, and issues.**\n\n**However, there are some potential issues:**\n\n* **Lack of specific details:** The text does not provide enough details about the specific country, material, and year for which the information is requested.\n* **Unclear context:** The text does not provide enough context about the relationship between the information and the user's query.\n* **Unclear priorities:** The text does not prioritize the information requested by the user, particularly regarding HHI, market share, and reserve market share.\n\n**Therefore, I recommend the user to provide further details about their query, such as:**\n\n* **Specific country:** Which country are you interested in?\n* **Specific material:** What type of tungsten material are you interested in?\n* **Specific year:** What year are you interested in?\n* **Specific information:** What specific information are you looking for?\n\nOnce I have this information, I can provide a more tailored response to your query.""",,,
Provide detailed information on the USA's imports and exports of Lithium for the year 2023.,mcs2024-lithium.pdf," Below are the details of the USA's imports and exports of Lithium for the year 2023. Imports: 3400 tons, Exports: 2300 tons, Net import reliance greater than 25%. Import sources: Argentina, 51%; Chile, 43%; China, 3%; Russia, 2%; and other, 1%.","Based on the provided information, here are the details on the USA's imports and exports of Lithium for the year 2023:

Imports: The imports of Lithium in the United States increased to 3,400 metric tons in 2023, up from 3,270 metric tons in 2022. The main sources of Lithium imports in 2023 were Argentina (51%), Chile (43%), China (3%), Russia (2%), and other countries (1%).

Exports: The exports of Lithium from the United States decreased to 2,300 metric tons in 2023, down from 2,440 metric tons in 2022. The decrease in exports was likely due to the increase in imports and the decrease in domestic consumption.

Price: The price of battery-grade Lithium carbonate in the United States decreased to $46,000 per metric ton in 2023, down from $68,100 per metric ton in 2022. This decrease was likely due to the increase in global supply and the decrease in demand.

Employment: The employment number in the Lithium mining and milling industry in the United States remained constant at 70 from 2019 to 2023.

Net Import Reliance: The net import reliance of the United States as a percentage of apparent consumption was greater than 25% for all years from 2019 to 2023, indicating that the country relies heavily on imports to meet its Lithium demand.

I hope this information is helpful. Let me know if you have any further questions!
"," The United States\' imports and exports of Lithium for the year 2023 are as follows:\n\n             - Imports: The imports further increased to 3,400 metric tons in 2023. In 2022, there was a significant increase to 3,270. In 2021, the imports increased to 1,870. The imports decreased to 1,200 in 2020 and were 3,270 in 2019.\n\n             - Exports: The exports slightly decreased to 2,300 metric tons in 2023. In 2022, the exports saw a further increase to 2,440. In 2021, the exports increased to 1,870. The exports were 1,660 in 2019 and decreased to 1,200 in 2020.\n\n             - Consumption, Apparent: The table does not provide specific numerical data for the years 2019, 2020, and 2021. For 2022, the consumption is marked with a ""W"", similar to production, indicating data was withheld or not available. There is no data provided for 2023.\n\n             - Price, Annual Average-Nominal, Battery-Grade Lithium Carbonate, Dollars per Metric Ton: In 2023, the price decreased to $46,000. In 2022, there was a significant increase to $68,100. In 2021, the price increased to $12,600. In 2020, the price decreased to $8,600. In 2019, the price was $12,100.\n\n             - Employment, Mine and Mill, Number: From 2019 to 2023, the employment number remained constant at 70.\n\n             - Net Import Reliance as a Percentage of Apparent Consumption: For all the years from 2019 to 2023, the net import reliance as a percentage of apparent consumption was marked as "">25"", indicating that the reliance was greater than 25%.\n\n             This table provides a comprehensive look at the United States\' lithium market, highlighting significant changes in imports, exports, prices, and employment over the five-year span. Notably, the dramatic increase in the price of battery-grade lithium carbonate from 2021 to 2022 stands out, as does the steady increase in imports for consumption from 2019 to 2023.\n\n             Regarding the Herfindahl-Hirschman Index (HHI), I\'m unable to provide the information directly from the provided context. However, if you have the specific data for production, reserve, or imports/exports, I can help calculate the HHI based on that information. Please let me know if you need assistance with that.'","**Question:** Provide detailed information on the USA's imports and exports of lithium for the year 2023.

**Answer:**

**Imports:**

- In 2023, the imports of lithium carbonate increased to **46,000** metric tons.
- The country with the highest imports of lithium carbonate in 2023 was **China**, with **33,000** metric tons.
- The second-highest country was **Brazil**, with **22,00** metric tons.
- The third-highest country was **Zimbabwe**, with **8,00** metric tons.

**Exports:**

- In 2023, the exports of lithium carbonate from the United States to **China** were **33,000** metric tons.
- The second-highest country was **Brazil**, with **22,00** metric tons.
- The third-highest country was **Zimbabwe**, with **8,00** metric tons.

**Consumption:**

- The consumption of lithium carbonate in the United States in 2023 was **18,000** metric tons.
- The consumption of lithium carbonate in the United States in 2023 was higher than the consumption in 2020 and 2019.

**Price:**

- The average price of lithium carbonate in the United States in 2023 was **$46,000** per metric ton.
- The lowest price of lithium carbonate in the United States in 2023 was **$23,000** per metric ton, and the highest price was **$76,000** per metric ton.

**Employment:**

- The employment of workers in the lithium industry in the United States in 2023 was **70**, with a slight decrease from 2022.","Based on the provided text, it appears that the query is about the US's imports and exports of Lithium in 2023. The text includes various details about Lithium production, consumption, reserves, and price.\n\n**Here's a summary of the key points:**\n\n* **Imports:** Increased to 3,400 tons in 2023, up from 2,640 tons in 2022.\n* **Exports:** Decreased to 2,300 tons in 2023, down from 2,440 tons in 2022.\n* **Price:** Dropped significantly in 2023 due to oversupply and weaker demand.\n* **Recycling:** Increased rapidly, with about 40 companies in Canada and the US and 50 companies in Europe recycling lithium batteries in 2023.\n\n**However, there are some aspects that are not clear:**\n\n* The text does not specify the source of the information or the methodology used to gather it.\n* The text does not provide any information about the global market for Lithium.\n* The text does not provide any information about the impact of the US's Lithium imports and exports on the global market.\n\n**Therefore, I would recommend the user to provide more details about their query:**\n\n* **Specific country:** If you want information about Lithium imports and exports for a specific country, please specify the country.\n* **Specific material:** If you want information about a specific type of Lithium, please specify the type.\n* **Specific year:** If you want information for a specific year, please specify the year.\n\n**Once you have provided more details, I will be able to provide a more comprehensive and tailored response.",,,
Does India produce Manganese? What has been its production capacity from 2020 to 2023?,Production CSV,"Yes, India produces manganese. The production capacity of India for manganese from the year 2020 to 2023 are as follows.                                         year: tons
2020: 640,000 tons
2021: 600,000 tons
2022: 480,000 tons
2023: 720,000 tons","Yes, India does produce manganese. According to the provided data, India's average annual production capacity from 2020 to 2023 is as follows:

2020: 640,000 tons
2021: 600,000 tons
2022: 480,000 tons
2023: 720,000 tons
Note that the production data is based on the provided JSON data and may not reflect the actual production capacity of India."," India does produce Manganese, but it does not produce manganese ore containing 20% or more manganese domestically since 1970. As per the data from 2020 to 2023, India\'s manganese production capacity is approximately 720,000 tons in 2023, which represents a market share of 3.62% in global manganese production. The Herfindahl-Hirschman Index (HHI) contribution for India\'s manganese production in 2023 is 13.10%.\n\n             Here\'s the JSON data for your reference:\n\n            {\n              ""element"": ""Mn"",\n              ""element name"": ""Manganese"",\n              ""year"": 2023,\n              ""country"": ""India"",\n              ""tons_production"": 720000,\n              ""total_production"": 19890000,\n              ""market_share_production"": 3.619909502,\n              ""HHI_contribution_production"": 13.1037448,\n              ""production HHI"": 2142.060367,\n              ""info_production"": null\n            }'","Sure, here's the answer to your question:

The context provides information about the production, consumption, and trade of manganese in India from 2020 to 2023.

**Production:**
- Manganese ore production has not been produced domestically in India since 1970.
- Imports of manganese ores have increased from 297 in 2017 to 440 in 2018, slightly decreased to 434 in 2019, dropped to 367 in 2020, and then rose to 460 in 2021.

**Imports for consumption:**
- Imports of manganese ores have increased from 281 thousand metric tons in 2016 to 440 thousand metric tons in 2017, peaked at 440 thousand metric tons in 2018, dropped to 367 in 2019, and then rose to 460 in 2021.

**Events, Trends, and Issues:**
- Global production of steel, the leading use of manganese, increased in 2021 compared with production in 2020 owing to increased demand following the negative effects of the global COVID-19 pandemic.
- Global production of manganese ore was estimated to be about 6% more than that in 2020.
- Leading countries for manganese ore production were, in descending order on a contained-weight basis, South Africa, Gabon, and Australia.","Based on the provided text, it appears that the question is about India's manganese production and reserves. However, the text does not provide enough information for me to understand the specific query. Therefore, I am unable to provide an answer to the question.\n\n**Please provide more details about the query:**\n\n* **What is the specific question you want me to answer?**\n* **What is the year for which you want the information?**\n* **Is there any specific country or material you want me to focus on?**\n\nOnce I have more information, I will be able to provide a more accurate and relevant response.",,,
What was the price for platinum group metals in 2023?,mcs2024-platinum.pdf,"Platinum-Group metals Price, dollars per troy ounce:                                                                                                                                                                 Palladium:$1500
Platinum: $1,000 
Iridium: $4,600 
Rhodium: $7,700 
Ruthenium: $470 
","According to the provided information, the current price of platinum group metals in 2023 is as follows:

Platinum: $1,000 per troy ounce
Palladium: $1,500 per troy ounce
Iridium: $4,600 per troy ounce
Rhodium: $7,700 per troy ounce
Ruthenium: $470 per troy ounce
Please note that these prices are based on the provided data and may not reflect the current market prices."," The price for platinum in 2023 is $1,000 per troy ounce.'","The context does not provide any information about the price of platinum group metals in 2023, so I cannot answer this question from the provided context.","Based on the provided text, I understand that the query is about the price of platinum group metals (PGMs) in 2023. However, the provided text does not contain information about the specific country or material, therefore I cannot answer the query.\n\nTo improve the clarity of the query, I would suggest the user to provide more details such as:\n\n* **Specific country:** If the user wants to know the price of PGMs in a specific country, they should mention the country name in the query.\n* **Specific material:** If the user wants to know the price of a specific metal within the PGM group, they should mention the metal name in the query.\n* **Specific year:** If the user wants to know the price of PGMs in a specific year, they should mention the year in the query.\n\nOnce the user provides more details, I will be able to provide a more accurate and complete answer.",,,
What is the percentage of production market share of Indonesia for Vanadium in 2023?,Production CSV, Indonesia's production market share for vanadium in 2023 is not available.,"According to the provided data, the production market share of Indonesia for vanadium in 2023 is not explicitly mentioned. However, I can infer that Indonesia's production market share for vanadium in 2023 is not available in the provided data.
"," The percentage of production market share of Indonesia for Vanadium in 2023 is not explicitly mentioned in the provided context. However, based on the data available, the production market share of Indonesia for Vanadium in 2023 can be estimated.\n\n             In the provided context, the production of Vanadium in Indonesia in 2023 is indicated as 6,000,000 tons. The total global production of Vanadium in 2023 is not specified in the context, but based on the data available for 2022 and 2021, the total global production was approximately 147,900,000 tons and 147,500,000 tons, respectively.\n\n             Therefore, the estimated production market share of Indonesia for Vanadium in 2023 is approximately 4.06%.\n\n             If you need more specific data or information, please provide more details in your query.'","The percentage of production market share of Indonesia for Vanadium in 2023 is not explicitly mentioned in the context, so I cannot answer this question from the provided context.","Based on the provided text, the query is ""What is the percentage of production market share of Indonesia for Vanadium in 2023?""\n\nThe text indicates that the production market share of Indonesia for Vanadium in 2023 is not available in the provided text, therefore I cannot answer this query.'",,,
What is the production trend of lead in Russia from 2020 to 2023?,Production CSV,"The production trend of lead in Russia from 2020 to 2023 is as follows:                                                                                                                                  year : tons                                                                                                                                                                                                                                                                         2020: 200,700 tons
2021: 200,000 tons
2022: 200,000 tons
2023: 200,000 tons","According to the provided information, the production trend of lead in Russia from 2020 to 2023 is as follows:

2020: 200,700 tons
2021: 200,000 tons
2022: 200,000 tons
2023: 200,000 tons (with a slight decrease from 2022)
Please note that the production trend shows a slight decrease from 2020 to 2022, and then remains steady at 200,000 tons in 2023.",""" The production trend of lead in Russia from 2020 to 2023 shows a slight decrease. In 2020, the production was estimated at 200,700 metric tons, which decreased to 200,000 metric tons in 2021. The production is expected to further decrease to an estimated 200,000 metric tons in 2023.\n\n             It's important to note that the data provided does not distinguish between primary and secondary refinery production. However, the secondary refinery production using old scrap shows a gradual decrease from 1,150 thousand metric tons in 2019 to an estimated 1,000 thousand metric tons in 2023.\n\n             I hope this information helps! If you need more specific data or for a different material or country, please let me know.\n\n             Regards,\n             RawMatAssist""","The production trend of lead in Russia from 2020 to 2023 shows a slight decrease, with a decrease from 274 thousand metric tons in 2019 to an estimated 270 thousand metric tons in 2023.","Based on the provided text, here is my understanding of your query:\n\n**Question:** What is the production trend of lead in Russia from 2020 to 2023?\n\n**Context:** The text describes lead production in Russia from 2016 to 2022, including data on mine and secondary refinery production, as well as imports and exports.\n\n**Answer:**\n\nThe text indicates a decreasing trend in lead production in Russia from 2020 to 2023. Here is a summary of the key points:\n\n* **Mine production:** Decreased from 204,300 tons in 2020 to an estimated 280,000 tons in 2023.\n* **Secondary refinery:** Production decreased from 1,140,000 tons in 2018 to 950,000 tons in 2022.\n* **Total production:** Estimated to be around 449,000 tons in 2023, which is slightly less than the production in 2020.\n\nTherefore, based on the available information, the production trend of lead in Russia from 2020 to 2023 is decreasing.""",,,